<?xml version="1.0"?>
<!--<!DOCTYPE metadata SYSTEM "http://www.esri.com/metadata/esriprof80.dtd">-->
<metadata xml:lang="en"><Esri><CreaDate>20120103</CreaDate><CreaTime>09484000</CreaTime><SyncOnce>TRUE</SyncOnce><MetaID>{759EB17E-98CE-4CBF-8DD8-1F45A6F35077}</MetaID></Esri><idinfo><citation><citeinfo><onlink Sync="TRUE">\\IGSALHEWLTN10\C$\data\gwdepletion\database\basemap\statesp020_alb</onlink></citeinfo></citation></idinfo><distInfo><distributor><distorTran><onLineSrc><linkage Sync="TRUE">file://\\IGSALHEWLTN10\C$\data\gwdepletion\database\basemap\statesp020_alb</linkage><protocol Sync="TRUE">Local Area Network</protocol></onLineSrc></distorTran></distributor></distInfo><dataqual><lineage><procstep><procdesc Sync="TRUE">Dataset copied.</procdesc><srcused Sync="TRUE">C:\data\gisdb\boundary\us\arctar00000\statesp020</srcused><procdate Sync="TRUE">20111118</procdate><proctime Sync="TRUE">09114000</proctime></procstep><procstep><procdesc Sync="TRUE">Dataset copied.</procdesc><srcused Sync="TRUE"></srcused><procdate Sync="TRUE">20111118</procdate><proctime Sync="TRUE">09135700</proctime></procstep><procstep><procdesc Sync="TRUE">Dataset copied.</procdesc><srcused Sync="TRUE">C:\data\gisdb\boundary\us\statesp020_alb</srcused><procdate Sync="TRUE">20120103</procdate><proctime Sync="TRUE">09484000</proctime></procstep></lineage></dataqual></metadata>
