<?xml version="1.0"?>
<!--<!DOCTYPE metadata SYSTEM "http://www.esri.com/metadata/esriprof80.dtd">-->
<metadata xml:lang="en"><Esri><CreaDate>20120103</CreaDate><CreaTime>08132200</CreaTime><SyncOnce>FALSE</SyncOnce><SyncDate>20111229</SyncDate><SyncTime>12403000</SyncTime><ModDate>20111229</ModDate><ModTime>12403000</ModTime><DataProperties><lineage><Process ToolSource="C:\ArcGIS\ArcToolbox\Toolboxes\Data Management Tools.tbx\Merge" Date="20111229" Time="124036">Merge C:\data\LenKonikow\database\aquifers\approved\AntelopeValley.shp;C:\data\LenKonikow\database\aquifers\approved\AZ_alluvial.shp;C:\data\LenKonikow\database\aquifers\approved\BerylEnterprise.shp;C:\data\LenKonikow\database\aquifers\approved\BlackMesa.shp;C:\data\LenKonikow\database\aquifers\approved\CamOrd.shp;C:\data\LenKonikow\database\aquifers\approved\CentralOahu.shp;C:\data\LenKonikow\database\aquifers\approved\CentralValley.shp;C:\data\LenKonikow\database\aquifers\approved\CLAS.shp;C:\data\LenKonikow\database\aquifers\approved\CoachellaValley.shp;C:\data\LenKonikow\database\aquifers\approved\ColuPlat.shp;C:\data\LenKonikow\database\aquifers\approved\DeathValley.shp;C:\data\LenKonikow\database\aquifers\approved\DenverBasin.shp;C:\data\LenKonikow\database\aquifers\approved\EstanciaBasin.shp;C:\data\LenKonikow\database\aquifers\approved\GAM_txcen.shp;C:\data\LenKonikow\database\aquifers\approved\GAM_txnorth.shp;C:\data\LenKonikow\database\aquifers\approved\GeorgiaCP.shp;C:\data\LenKonikow\database\aquifers\approved\HighPlains.shp;C:\data\LenKonikow\database\aquifers\approved\HuecoBolson.shp;C:\data\LenKonikow\database\aquifers\approved\LA_Basin.shp;C:\data\LenKonikow\database\aquifers\approved\LasVegas.shp;C:\data\LenKonikow\database\aquifers\approved\MERAS.shp;C:\data\LenKonikow\database\aquifers\approved\MesillaBasin.shp;C:\data\LenKonikow\database\aquifers\approved\MidRioGrande.shp;C:\data\LenKonikow\database\aquifers\approved\Milford.shp;C:\data\LenKonikow\database\aquifers\approved\MimbresBasin.shp;C:\data\LenKonikow\database\aquifers\approved\MojaveRiver.shp;C:\data\LenKonikow\database\aquifers\approved\NACP_DEMD.shp;C:\data\LenKonikow\database\aquifers\approved\NACP_LI.shp;C:\data\LenKonikow\database\aquifers\approved\NACP_NC.shp;C:\data\LenKonikow\database\aquifers\approved\NACP_NJ.shp;C:\data\LenKonikow\database\aquifers\approved\NACP_SC.shp;C:\data\LenKonikow\database\aquifers\approved\NACP_VA.shp;C:\data\LenKonikow\database\aquifers\approved\PahvantValley.shp;C:\data\LenKonikow\database\aquifers\approved\ParadiseValley.shp;C:\data\LenKonikow\database\aquifers\approved\PecosRiver.shp;C:\data\LenKonikow\database\aquifers\approved\SanLuis.shp;C:\data\LenKonikow\database\aquifers\approved\SnakeRiver.shp;C:\data\LenKonikow\database\aquifers\approved\TularosaBasin.shp;C:\data\LenKonikow\database\aquifers\approved\WinterGarden.shp C:\data\LenKonikow\database\aquifers\approved\base_aquifers.shp "aquif_id 'aquif_id' true true false 15 Text 0 0 ,First,#,C:\data\LenKonikow\database\aquifers\approved\AntelopeValley.shp,aquif_id,-1,-1,C:\data\LenKonikow\database\aquifers\approved\AZ_alluvial.shp,aquif_id,-1,-1,C:\data\LenKonikow\database\aquifers\approved\BerylEnterprise.shp,aquif_id,-1,-1,C:\data\LenKonikow\database\aquifers\approved\BlackMesa.shp,aquif_id,-1,-1,C:\data\LenKonikow\database\aquifers\approved\CamOrd.shp,aquif_id,-1,-1,C:\data\LenKonikow\database\aquifers\approved\CentralOahu.shp,aquif_id,-1,-1,C:\data\LenKonikow\database\aquifers\approved\CentralValley.shp,aquif_id,-1,-1,C:\data\LenKonikow\database\aquifers\approved\CLAS.shp,aquif_id,-1,-1,C:\data\LenKonikow\database\aquifers\approved\CoachellaValley.shp,aquif_id,-1,-1,C:\data\LenKonikow\database\aquifers\approved\ColuPlat.shp,aquif_id,-1,-1,C:\data\LenKonikow\database\aquifers\approved\DeathValley.shp,aquif_id,-1,-1,C:\data\LenKonikow\database\aquifers\approved\DenverBasin.shp,aquif_id,-1,-1,C:\data\LenKonikow\database\aquifers\approved\EstanciaBasin.shp,aquif_id,-1,-1,C:\data\LenKonikow\database\aquifers\approved\GAM_txcen.shp,aquif_id,-1,-1,C:\data\LenKonikow\database\aquifers\approved\GAM_txnorth.shp,aquif_id,-1,-1,C:\data\LenKonikow\database\aquifers\approved\GeorgiaCP.shp,aquif_id,-1,-1,C:\data\LenKonikow\database\aquifers\approved\HighPlains.shp,aquif_id,-1,-1,C:\data\LenKonikow\database\aquifers\approved\HuecoBolson.shp,aquif_id,-1,-1,C:\data\LenKonikow\database\aquifers\approved\LA_Basin.shp,aquif_id,-1,-1,C:\data\LenKonikow\database\aquifers\approved\LasVegas.shp,aquif_id,-1,-1,C:\data\LenKonikow\database\aquifers\approved\MERAS.shp,aquif_id,-1,-1,C:\data\LenKonikow\database\aquifers\approved\MesillaBasin.shp,aquif_id,-1,-1,C:\data\LenKonikow\database\aquifers\approved\MidRioGrande.shp,aquif_id,-1,-1,C:\data\LenKonikow\database\aquifers\approved\Milford.shp,aquif_id,-1,-1,C:\data\LenKonikow\database\aquifers\approved\MimbresBasin.shp,aquif_id,-1,-1,C:\data\LenKonikow\database\aquifers\approved\MojaveRiver.shp,aquif_id,-1,-1,C:\data\LenKonikow\database\aquifers\approved\NACP_DEMD.shp,aquif_id,-1,-1,C:\data\LenKonikow\database\aquifers\approved\NACP_LI.shp,aquif_id,-1,-1,C:\data\LenKonikow\database\aquifers\approved\NACP_NC.shp,aquif_id,-1,-1,C:\data\LenKonikow\database\aquifers\approved\NACP_NJ.shp,aquif_id,-1,-1,C:\data\LenKonikow\database\aquifers\approved\NACP_SC.shp,aquif_id,-1,-1,C:\data\LenKonikow\database\aquifers\approved\NACP_VA.shp,aquif_id,-1,-1,C:\data\LenKonikow\database\aquifers\approved\PahvantValley.shp,aquif_id,-1,-1,C:\data\LenKonikow\database\aquifers\approved\ParadiseValley.shp,aquif_id,-1,-1,C:\data\LenKonikow\database\aquifers\approved\PecosRiver.shp,aquif_id,-1,-1,C:\data\LenKonikow\database\aquifers\approved\SanLuis.shp,aquif_id,-1,-1,C:\data\LenKonikow\database\aquifers\approved\SnakeRiver.shp,aquif_id,-1,-1,C:\data\LenKonikow\database\aquifers\approved\TularosaBasin.shp,aquif_id,-1,-1,C:\data\LenKonikow\database\aquifers\approved\WinterGarden.shp,aquif_id,-1,-1;map_id 'map_id' true true false 4 Short 0 4 ,First,#,C:\data\LenKonikow\database\aquifers\approved\AntelopeValley.shp,map_id,-1,-1,C:\data\LenKonikow\database\aquifers\approved\AZ_alluvial.shp,map_id,-1,-1,C:\data\LenKonikow\database\aquifers\approved\BerylEnterprise.shp,map_id,-1,-1,C:\data\LenKonikow\database\aquifers\approved\BlackMesa.shp,map_id,-1,-1,C:\data\LenKonikow\database\aquifers\approved\CamOrd.shp,map_id,-1,-1,C:\data\LenKonikow\database\aquifers\approved\CentralOahu.shp,map_id,-1,-1,C:\data\LenKonikow\database\aquifers\approved\CentralValley.shp,map_id,-1,-1,C:\data\LenKonikow\database\aquifers\approved\CLAS.shp,map_id,-1,-1,C:\data\LenKonikow\database\aquifers\approved\CoachellaValley.shp,map_id,-1,-1,C:\data\LenKonikow\database\aquifers\approved\ColuPlat.shp,map_id,-1,-1,C:\data\LenKonikow\database\aquifers\approved\DeathValley.shp,map_id,-1,-1,C:\data\LenKonikow\database\aquifers\approved\DenverBasin.shp,map_id,-1,-1,C:\data\LenKonikow\database\aquifers\approved\EstanciaBasin.shp,map_id,-1,-1,C:\data\LenKonikow\database\aquifers\approved\GAM_txcen.shp,map_id,-1,-1,C:\data\LenKonikow\database\aquifers\approved\GAM_txnorth.shp,map_id,-1,-1,C:\data\LenKonikow\database\aquifers\approved\GeorgiaCP.shp,map_id,-1,-1,C:\data\LenKonikow\database\aquifers\approved\HighPlains.shp,map_id,-1,-1,C:\data\LenKonikow\database\aquifers\approved\HuecoBolson.shp,map_id,-1,-1,C:\data\LenKonikow\database\aquifers\approved\LA_Basin.shp,map_id,-1,-1,C:\data\LenKonikow\database\aquifers\approved\LasVegas.shp,map_id,-1,-1,C:\data\LenKonikow\database\aquifers\approved\MERAS.shp,map_id,-1,-1,C:\data\LenKonikow\database\aquifers\approved\MesillaBasin.shp,map_id,-1,-1,C:\data\LenKonikow\database\aquifers\approved\MidRioGrande.shp,map_id,-1,-1,C:\data\LenKonikow\database\aquifers\approved\Milford.shp,map_id,-1,-1,C:\data\LenKonikow\database\aquifers\approved\MimbresBasin.shp,map_id,-1,-1,C:\data\LenKonikow\database\aquifers\approved\MojaveRiver.shp,map_id,-1,-1,C:\data\LenKonikow\database\aquifers\approved\NACP_DEMD.shp,map_id,-1,-1,C:\data\LenKonikow\database\aquifers\approved\NACP_LI.shp,map_id,-1,-1,C:\data\LenKonikow\database\aquifers\approved\NACP_NC.shp,map_id,-1,-1,C:\data\LenKonikow\database\aquifers\approved\NACP_NJ.shp,map_id,-1,-1,C:\data\LenKonikow\database\aquifers\approved\NACP_SC.shp,map_id,-1,-1,C:\data\LenKonikow\database\aquifers\approved\NACP_VA.shp,map_id,-1,-1,C:\data\LenKonikow\database\aquifers\approved\PahvantValley.shp,map_id,-1,-1,C:\data\LenKonikow\database\aquifers\approved\ParadiseValley.shp,map_id,-1,-1,C:\data\LenKonikow\database\aquifers\approved\PecosRiver.shp,map_id,-1,-1,C:\data\LenKonikow\database\aquifers\approved\SanLuis.shp,map_id,-1,-1,C:\data\LenKonikow\database\aquifers\approved\SnakeRiver.shp,map_id,-1,-1,C:\data\LenKonikow\database\aquifers\approved\TularosaBasin.shp,map_id,-1,-1,C:\data\LenKonikow\database\aquifers\approved\WinterGarden.shp,map_id,-1,-1;STATE 'STATE' true true false 20 Text 0 0 ,First,#,C:\data\LenKonikow\database\aquifers\approved\NACP_DEMD.shp,STATE,-1,-1,C:\data\LenKonikow\database\aquifers\approved\NACP_LI.shp,STATE,-1,-1,C:\data\LenKonikow\database\aquifers\approved\NACP_NJ.shp,STATE,-1,-1,C:\data\LenKonikow\database\aquifers\approved\NACP_VA.shp,STATE,-1,-1"</Process></lineage></DataProperties><MetaID>{DF232999-5204-45FF-9480-F527B9AD3652}</MetaID></Esri><idinfo><citation><citeinfo><onlink Sync="TRUE">\\IGSALHEWLTN10\C$\data\gwdepletion\database\aquifers\base_aquifers</onlink><origin>REQUIRED: The name of an organization or individual that developed the data set.</origin><pubdate>REQUIRED: The date when the data set is published or otherwise made available for release.</pubdate><title Sync="TRUE">base_aquifers</title><ftname Sync="TRUE">base_aquifers</ftname><geoform Sync="TRUE">vector digital data</geoform></citeinfo></citation><native Sync="TRUE">Microsoft Windows Vista Version 6.1 (Build 7600) ; ESRI ArcCatalog 9.3.1.3000</native><descript><langdata Sync="TRUE">en</langdata><abstract>REQUIRED: A brief narrative summary of the data set.</abstract><purpose>REQUIRED: A summary of the intentions with which the data set was developed.</purpose></descript><timeperd><current>REQUIRED: The basis on which the time period of content information is determined.</current><timeinfo><sngdate><caldate>REQUIRED: The year (and optionally month, or month and day) for which the data set corresponds to the ground.</caldate></sngdate></timeinfo></timeperd><status><progress>REQUIRED: The state of the data set.</progress><update>REQUIRED: The frequency with which changes and additions are made to the data set after the initial data set is completed.</update></status><spdom><bounding><westbc Sync="TRUE">REQUIRED: Western-most coordinate of the limit of coverage expressed in longitude.</westbc><eastbc Sync="TRUE">REQUIRED: Eastern-most coordinate of the limit of coverage expressed in longitude.</eastbc><northbc Sync="TRUE">REQUIRED: Northern-most coordinate of the limit of coverage expressed in latitude.</northbc><southbc Sync="TRUE">REQUIRED: Southern-most coordinate of the limit of coverage expressed in latitude.</southbc></bounding></spdom><keywords><theme><themekt>REQUIRED: Reference to a formally registered thesaurus or a similar authoritative source of theme keywords.</themekt><themekey>REQUIRED: Common-use word or phrase used to describe the subject of the data set.</themekey></theme></keywords><accconst>REQUIRED: Restrictions and legal prerequisites for accessing the data set.</accconst><useconst>REQUIRED: Restrictions and legal prerequisites for using the data set after access is granted.</useconst><natvform Sync="TRUE">Shapefile</natvform></idinfo><distInfo><distributor><distorTran><onLineSrc><linkage Sync="TRUE">file://\\IGSALHEWLTN10\C$\data\gwdepletion\database\aquifers\base_aquifers</linkage><protocol Sync="TRUE">Local Area Network</protocol><orDesc Sync="TRUE">002</orDesc></onLineSrc><transSize Sync="TRUE">0.000</transSize></distorTran><distorFormat><formatName Sync="TRUE">Shapefile</formatName></distorFormat></distributor></distInfo><dataqual><lineage><procstep><procdesc Sync="TRUE">Dataset copied.</procdesc><srcused Sync="TRUE">C:\data\LenKonikow\database\aquifers\AntelopeValley</srcused><procdate Sync="TRUE">20111221</procdate><proctime Sync="TRUE">07102800</proctime></procstep><procstep><procdesc Sync="TRUE">Dataset copied.</procdesc><srcused Sync="TRUE">C:\data\LenKonikow\database\aquifers\approved\base_aquifers</srcused><procdate Sync="TRUE">20120103</procdate><proctime Sync="TRUE">08132200</proctime></procstep></lineage></dataqual><dataIdInfo><envirDesc Sync="TRUE">Microsoft Windows Vista Version 6.1 (Build 7600) ; ESRI ArcCatalog 9.3.1.3000</envirDesc><dataLang><languageCode Sync="TRUE" value="en"></languageCode></dataLang><idCitation><resTitle Sync="TRUE">base_aquifers</resTitle><presForm><PresFormCd Sync="TRUE" value="005"></PresFormCd></presForm></idCitation><spatRpType><SpatRepTypCd Sync="TRUE" value="001"></SpatRepTypCd></spatRpType></dataIdInfo><metainfo><langmeta Sync="TRUE">en</langmeta><metstdn Sync="TRUE">FGDC Content Standards for Digital Geospatial Metadata</metstdn><metstdv Sync="TRUE">FGDC-STD-001-1998</metstdv><mettc Sync="TRUE">local time</mettc><metextns><onlink Sync="TRUE">http://www.esri.com/metadata/esriprof80.html</onlink><metprof Sync="TRUE">ESRI Metadata Profile</metprof></metextns><metc><cntinfo><cntorgp><cntper>REQUIRED: The person responsible for the metadata information.</cntper><cntorg>REQUIRED: The organization responsible for the metadata information.</cntorg></cntorgp><cntaddr><addrtype>REQUIRED: The mailing and/or physical address for the organization or individual.</addrtype><city>REQUIRED: The city of the address.</city><state>REQUIRED: The state or province of the address.</state><postal>REQUIRED: The ZIP or other postal code of the address.</postal></cntaddr><cntvoice>REQUIRED: The telephone number by which individuals can speak to the organization or individual.</cntvoice></cntinfo></metc><metd Sync="TRUE">20111229</metd></metainfo><mdLang><languageCode Sync="TRUE" value="en"></languageCode></mdLang><mdStanName Sync="TRUE">ISO 19115 Geographic Information - Metadata</mdStanName><mdStanVer Sync="TRUE">DIS_ESRI1.0</mdStanVer><mdChar><CharSetCd Sync="TRUE" value="004"></CharSetCd></mdChar><mdHrLv><ScopeCd Sync="TRUE" value="005"></ScopeCd></mdHrLv><mdHrLvName Sync="TRUE">dataset</mdHrLvName><distinfo><resdesc Sync="TRUE">Downloadable Data</resdesc><stdorder><digform><digtinfo><transize Sync="TRUE">0.000</transize><dssize Sync="TRUE">0.000</dssize></digtinfo></digform></stdorder></distinfo><spdoinfo><direct Sync="TRUE">Vector</direct><ptvctinf><esriterm Name="base_aquifers"><efeatyp Sync="TRUE">Simple</efeatyp><efeageom Sync="TRUE">Polygon</efeageom><esritopo Sync="TRUE">FALSE</esritopo><efeacnt Sync="TRUE">0</efeacnt><spindex Sync="TRUE">FALSE</spindex><linrefer Sync="TRUE">FALSE</linrefer></esriterm><sdtsterm Name="base_aquifers"><sdtstype Sync="TRUE">G-polygon</sdtstype><ptvctcnt Sync="TRUE">0</ptvctcnt></sdtsterm></ptvctinf></spdoinfo><spref><horizsys><cordsysn><geogcsn Sync="TRUE">GCS_North_American_1983</geogcsn><projcsn Sync="TRUE">Albers_Equal_Area_Conic_USGS_CONUS_NAD83</projcsn></cordsysn><planar><mapproj><mapprojn Sync="TRUE">Albers Conical Equal Area</mapprojn><albers><stdparll Sync="TRUE">29.500000</stdparll><stdparll Sync="TRUE">45.500000</stdparll><longcm Sync="TRUE">-96.000000</longcm><latprjo Sync="TRUE">23.000000</latprjo><feast Sync="TRUE">0.000000</feast><fnorth Sync="TRUE">0.000000</fnorth></albers></mapproj><planci><plance Sync="TRUE">coordinate pair</plance><plandu Sync="TRUE">meters</plandu><coordrep><absres Sync="TRUE">0.000000</absres><ordres Sync="TRUE">0.000000</ordres></coordrep></planci></planar><geodetic><horizdn Sync="TRUE">North American Datum of 1983</horizdn><ellips Sync="TRUE">Geodetic Reference System 80</ellips><semiaxis Sync="TRUE">6378137.000000</semiaxis><denflat Sync="TRUE">298.257222</denflat></geodetic></horizsys></spref><refSysInfo><RefSystem><refSysID><identCode Sync="TRUE">Albers_Equal_Area_Conic_USGS_CONUS_NAD83</identCode></refSysID></RefSystem></refSysInfo><spatRepInfo><VectSpatRep><topLvl><TopoLevCd Sync="TRUE" value="001"></TopoLevCd></topLvl><geometObjs Name="base_aquifers"><geoObjTyp><GeoObjTypCd Sync="TRUE" value="001"></GeoObjTypCd></geoObjTyp><geoObjCnt Sync="TRUE">0</geoObjCnt></geometObjs></VectSpatRep></spatRepInfo><eainfo><detailed Name="base_aquifers"><enttyp><enttypl Sync="TRUE">base_aquifers</enttypl><enttypt Sync="TRUE">Feature Class</enttypt><enttypc Sync="TRUE">0</enttypc></enttyp><attr><attrlabl Sync="TRUE">FID</attrlabl><attalias Sync="TRUE">FID</attalias><attrtype Sync="TRUE">OID</attrtype><attwidth Sync="TRUE">4</attwidth><atprecis Sync="TRUE">0</atprecis><attscale Sync="TRUE">0</attscale><attrdef Sync="TRUE">Internal feature number.</attrdef><attrdefs Sync="TRUE">ESRI</attrdefs><attrdomv><udom Sync="TRUE">Sequential unique whole numbers that are automatically generated.</udom></attrdomv></attr><attr><attrlabl Sync="TRUE">Shape</attrlabl><attalias Sync="TRUE">Shape</attalias><attrtype Sync="TRUE">Geometry</attrtype><attwidth Sync="TRUE">0</attwidth><atprecis Sync="TRUE">0</atprecis><attscale Sync="TRUE">0</attscale><attrdef Sync="TRUE">Feature geometry.</attrdef><attrdefs Sync="TRUE">ESRI</attrdefs><attrdomv><udom Sync="TRUE">Coordinates defining the features.</udom></attrdomv></attr><attr><attrlabl Sync="TRUE">aquif_id</attrlabl><attalias Sync="TRUE">aquif_id</attalias><attrtype Sync="TRUE">String</attrtype><attwidth Sync="TRUE">15</attwidth></attr><attr><attrlabl Sync="TRUE">map_id</attrlabl><attalias Sync="TRUE">map_id</attalias><attrtype Sync="TRUE">Number</attrtype><attwidth Sync="TRUE">4</attwidth></attr><attr><attrlabl Sync="TRUE">STATE</attrlabl><attalias Sync="TRUE">STATE</attalias><attrtype Sync="TRUE">String</attrtype><attwidth Sync="TRUE">20</attwidth></attr></detailed></eainfo><mdDateSt Sync="TRUE">20111229</mdDateSt></metadata>
