<?xml version="1.0"?>
<!--<!DOCTYPE metadata SYSTEM "http://www.esri.com/metadata/esriprof80.dtd">-->
<metadata xml:lang="en"><Esri><CreaDate>20120103</CreaDate><CreaTime>08132200</CreaTime><SyncOnce>TRUE</SyncOnce><MetaID>{AF0AE354-4B0D-4471-B940-FC79DEAB5A58}</MetaID></Esri><idinfo><citation><citeinfo><onlink Sync="TRUE">\\IGSALHEWLTN10\C$\data\gwdepletion\database\aquifers\CLAS</onlink></citeinfo></citation></idinfo><distInfo><distributor><distorTran><onLineSrc><linkage Sync="TRUE">file://\\IGSALHEWLTN10\C$\data\gwdepletion\database\aquifers\CLAS</linkage><protocol Sync="TRUE">Local Area Network</protocol></onLineSrc></distorTran></distributor></distInfo><dataqual><lineage><procstep><procdesc Sync="TRUE">Dataset copied.</procdesc><srcused Sync="TRUE">C:\data\LenKonikow\database\aquifers\CLAS</srcused><procdate Sync="TRUE">20111218</procdate><proctime Sync="TRUE">10434700</proctime></procstep><procstep><procdesc Sync="TRUE">Dataset copied.</procdesc><srcused Sync="TRUE">C:\data\LenKonikow\database\aquifers\approved\CLAS</srcused><procdate Sync="TRUE">20120103</procdate><proctime Sync="TRUE">08132200</proctime></procstep></lineage></dataqual></metadata>
