<?xml version="1.0"?>
<!--<!DOCTYPE metadata SYSTEM "http://www.esri.com/metadata/esriprof80.dtd">-->
<metadata xml:lang="en"><Esri><CreaDate>20120103</CreaDate><CreaTime>08132300</CreaTime><SyncOnce>TRUE</SyncOnce><MetaID>{3D0D64F1-86F0-47E1-8133-D3D761B58DB7}</MetaID></Esri><idinfo><citation><citeinfo><onlink Sync="TRUE">\\IGSALHEWLTN10\C$\data\gwdepletion\database\aquifers\Dakota</onlink></citeinfo></citation></idinfo><distInfo><distributor><distorTran><onLineSrc><linkage Sync="TRUE">file://\\IGSALHEWLTN10\C$\data\gwdepletion\database\aquifers\Dakota</linkage><protocol Sync="TRUE">Local Area Network</protocol></onLineSrc></distorTran></distributor></distInfo><dataqual><lineage><procstep><procdesc Sync="TRUE">Dataset copied.</procdesc><srcused Sync="TRUE">C:\data\LenKonikow\database\aquifers\Dakota</srcused><procdate Sync="TRUE">20111218</procdate><proctime Sync="TRUE">10271200</proctime></procstep><procstep><procdesc Sync="TRUE">Dataset copied.</procdesc><srcused Sync="TRUE">C:\data\LenKonikow\database\aquifers\approved\Dakota</srcused><procdate Sync="TRUE">20120103</procdate><proctime Sync="TRUE">08132300</proctime></procstep></lineage></dataqual></metadata>
