<?xml version="1.0"?>
<!--<!DOCTYPE metadata SYSTEM "http://www.esri.com/metadata/esriprof80.dtd">-->
<metadata xml:lang="en"><Esri><CreaDate>20120103</CreaDate><CreaTime>08132300</CreaTime><SyncOnce>TRUE</SyncOnce><MetaID>{FA9A5CE3-60C4-42EA-AA0F-6227450B2526}</MetaID></Esri><idinfo><citation><citeinfo><onlink Sync="TRUE">\\IGSALHEWLTN10\C$\data\gwdepletion\database\aquifers\DeathValley</onlink></citeinfo></citation></idinfo><distInfo><distributor><distorTran><onLineSrc><linkage Sync="TRUE">file://\\IGSALHEWLTN10\C$\data\gwdepletion\database\aquifers\DeathValley</linkage><protocol Sync="TRUE">Local Area Network</protocol></onLineSrc></distorTran></distributor></distInfo><dataqual><lineage><procstep><procdesc Sync="TRUE">Dataset copied.</procdesc><srcused Sync="TRUE">C:\data\LenKonikow\database\aquifers\DeathValley</srcused><procdate Sync="TRUE">20111218</procdate><proctime Sync="TRUE">10253400</proctime></procstep><procstep><procdesc Sync="TRUE">Dataset copied.</procdesc><srcused Sync="TRUE">C:\data\LenKonikow\database\aquifers\approved\DeathValley</srcused><procdate Sync="TRUE">20120103</procdate><proctime Sync="TRUE">08132300</proctime></procstep></lineage></dataqual></metadata>
