<?xml version="1.0" encoding="UTF-8"?>
<metadata xml:lang="en"><Esri><CreaDate>20120103</CreaDate><CreaTime>08132300</CreaTime><ArcGISFormat>1.0</ArcGISFormat><ArcGISstyle>FGDC CSDGM Metadata</ArcGISstyle><SyncOnce>TRUE</SyncOnce><DataProperties><lineage><Process ToolSource="C:\ArcGIS\Desktop10.0\ArcToolbox\Toolboxes\Data Management Tools.tbx\CalculateField" Date="20110907" Time="081746">CalculateField "aqif polygon" LK "Y" VB #</Process><Process ToolSource="C:\ArcGIS\Desktop10.0\ArcToolbox\Toolboxes\Data Management Tools.tbx\CalculateField" Date="20110907" Time="081837">CalculateField "aqif polygon" LK "Y" VB #</Process><Process ToolSource="C:\ArcGIS\Desktop10.0\ArcToolbox\Toolboxes\Data Management Tools.tbx\CalculateField" Date="20110907" Time="082307">CalculateField "aqif polygon" LK "Y" VB #</Process><Process ToolSource="C:\ArcGIS\Desktop10.0\ArcToolbox\Toolboxes\Data Management Tools.tbx\CalculateField" Date="20110907" Time="082715">CalculateField "aqif polygon" LK "Y" VB #</Process><Process ToolSource="C:\ArcGIS\Desktop10.0\ArcToolbox\Toolboxes\Data Management Tools.tbx\CalculateField" Date="20110907" Time="085409">CalculateField "aqif polygon" LK "Y" VB #</Process><Process ToolSource="C:\ArcGIS\Desktop10.0\ArcToolbox\Toolboxes\Data Management Tools.tbx\CalculateField" Date="20110907" Time="090151">CalculateField "aqif polygon" LK "Y" VB #</Process><Process ToolSource="C:\ArcGIS\Desktop10.0\ArcToolbox\Toolboxes\Data Management Tools.tbx\CalculateField" Date="20110907" Time="090459">CalculateField "aqif polygon" LK "Y" VB #</Process></lineage></DataProperties><MetaID>{CBF55738-4210-4DFD-B7AC-870526216E33}</MetaID></Esri><idinfo><citation><citeinfo><onlink Sync="TRUE">\\IGSALHEWLTN10\C$\data\gwdepletion\database\aquifers\DenverBasin</onlink></citeinfo></citation></idinfo><distInfo><distributor><distorTran><onLineSrc><linkage Sync="TRUE">file://\\IGSALHEWLTN10\C$\data\gwdepletion\database\aquifers\DenverBasin</linkage><protocol Sync="TRUE">Local Area Network</protocol></onLineSrc></distorTran></distributor></distInfo><dataqual><lineage><procstep><procdesc Sync="TRUE">Dataset copied.</procdesc><srcused Sync="TRUE"></srcused><procdate Sync="TRUE">20111118</procdate><proctime Sync="TRUE">09381500</proctime></procstep><procstep><procdesc Sync="TRUE">Dataset copied.</procdesc><srcused Sync="TRUE"></srcused><procdate Sync="TRUE">20111213</procdate><proctime Sync="TRUE">11014700</proctime></procstep><procstep><procdesc Sync="TRUE">Dataset copied.</procdesc><srcused Sync="TRUE">C:\data\LenKonikow\database\aquifers\DenverBasin</srcused><procdate Sync="TRUE">20111221</procdate><proctime Sync="TRUE">07102900</proctime></procstep><procstep><procdesc Sync="TRUE">Dataset copied.</procdesc><srcused Sync="TRUE">C:\data\LenKonikow\database\aquifers\approved\DenverBasin</srcused><procdate Sync="TRUE">20120103</procdate><proctime Sync="TRUE">08132300</proctime></procstep></lineage></dataqual></metadata>
