<?xml version="1.0"?>
<!--<!DOCTYPE metadata SYSTEM "http://www.esri.com/metadata/esriprof80.dtd">-->
<metadata xml:lang="en"><Esri><CreaDate>20120103</CreaDate><CreaTime>08132300</CreaTime><SyncOnce>TRUE</SyncOnce><MetaID>{26786BF3-6DBD-4120-A4B6-C5F4A2565F43}</MetaID></Esri><idinfo><citation><citeinfo><onlink Sync="TRUE">\\IGSALHEWLTN10\C$\data\gwdepletion\database\aquifers\GAM_txnorth</onlink></citeinfo></citation></idinfo><distInfo><distributor><distorTran><onLineSrc><linkage Sync="TRUE">file://\\IGSALHEWLTN10\C$\data\gwdepletion\database\aquifers\GAM_txnorth</linkage><protocol Sync="TRUE">Local Area Network</protocol></onLineSrc></distorTran></distributor></distInfo><dataqual><lineage><procstep><procdesc Sync="TRUE">Dataset copied.</procdesc><srcused Sync="TRUE">C:\data\LenKonikow\database\aquifers\GAM-txnorth</srcused><procdate Sync="TRUE">20111218</procdate><proctime Sync="TRUE">10210200</proctime></procstep><procstep><procdesc Sync="TRUE">Dataset copied.</procdesc><srcused Sync="TRUE">C:\data\LenKonikow\database\aquifers\approved\GAM_txnorth</srcused><procdate Sync="TRUE">20120103</procdate><proctime Sync="TRUE">08132300</proctime></procstep></lineage></dataqual></metadata>
