<?xml version="1.0"?>
<!--<!DOCTYPE metadata SYSTEM "http://www.esri.com/metadata/esriprof80.dtd">-->
<metadata xml:lang="en"><Esri><CreaDate>20120103</CreaDate><CreaTime>08132400</CreaTime><SyncOnce>TRUE</SyncOnce><MetaID>{EF33A507-BAE6-4F65-B80A-CCDEB0B4E67A}</MetaID></Esri><idinfo><citation><citeinfo><onlink Sync="TRUE">\\IGSALHEWLTN10\C$\data\gwdepletion\database\aquifers\PahvantValley</onlink></citeinfo></citation></idinfo><distInfo><distributor><distorTran><onLineSrc><linkage Sync="TRUE">file://\\IGSALHEWLTN10\C$\data\gwdepletion\database\aquifers\PahvantValley</linkage><protocol Sync="TRUE">Local Area Network</protocol></onLineSrc></distorTran></distributor></distInfo><dataqual><lineage><procstep><procdesc Sync="TRUE">Dataset copied.</procdesc><srcused Sync="TRUE">C:\data\LenKonikow\database\aquifers\PahvantValley</srcused><procdate Sync="TRUE">20111218</procdate><proctime Sync="TRUE">10263700</proctime></procstep><procstep><procdesc Sync="TRUE">Dataset copied.</procdesc><srcused Sync="TRUE">C:\data\LenKonikow\database\aquifers\approved\PahvantValley</srcused><procdate Sync="TRUE">20120103</procdate><proctime Sync="TRUE">08132400</proctime></procstep></lineage></dataqual></metadata>
